"Freq [GHz]","dB(St(wguide_T2,wguide_T1)) []"
0.9,-0.235518328910236
0.902,-0.237271589194243
0.904,-0.239044275936904
0.906,-0.24083669432092
0.908,-0.242649156232583
0.91,-0.244481980453724
0.912,-0.246335492860402
0.914,-0.248210026628649
0.916,-0.25010592244771
0.918,-0.252023528740802
0.92,-0.253963201894128
0.922,-0.255925306494045
0.924,-0.257910215573173
0.926,-0.259918310865481
0.928,-0.261949983071053
0.93,-0.264005632130728
0.932,-0.266085667511161
0.934,-0.268190508500855
0.936,-0.27032058451745
0.938,-0.272476335427048
0.94,-0.274658211875942
0.942,-0.276866675635372
0.944,-0.279102199959999
0.946,-0.281365269960622
0.948,-0.283656382991969
0.95,-0.285976049056096
0.952,-0.288324791222391
0.954,-0.290703146064723
0.956,-0.29311166411684
0.958,-0.295550910346738
0.96,-0.298021464651032
0.962,-0.300523922370324
0.964,-0.303058894826637
0.966,-0.305627009884037
0.968,-0.308228912533648
0.97,-0.310865265504318
0.972,-0.313536749900331
0.974,-0.316244065867503
0.976,-0.318987933289289
0.978,-0.321769092514412
0.98,-0.324588305117834
0.982,-0.327446354696769
0.984,-0.330344047703771
0.986,-0.333282214318964
0.988,-0.336261709363483
0.99,-0.339283413256646
0.992,-0.342348233019231
0.994,-0.345457103325512
0.996,-0.348610987606991
0.998,-0.35181087921077
1,-0.355057802615784
1.002,-0.358352814710469
1.004,-0.361697006135406
1.006,-0.365091502695064
1.008,-0.368537466842734
1.01,-0.372036099243303
1.012,-0.375588640418669
1.014,-0.379196372481043
1.016,-0.382860620959761
1.018,-0.386582756727576
1.02,-0.390364198032964
1.022,-0.394206412645332
1.024,-0.398110920120615
1.026,-0.402079294195414
1.028,-0.406113165318247
1.03,-0.410214223327373
1.032,-0.414384220285145
1.034,-0.41862497348002
1.036,-0.422938368607861
1.038,-0.427326363145273
1.04,-0.431790989928917
1.042,-0.436334360955608
1.044,-0.440958671419454
1.046,-0.445666204003673
1.048,-0.450459333445996
1.05,-0.455340531398698
1.052,-0.460312371605419
1.054,-0.465377535419711
1.056,-0.470538817691763
1.058,-0.47579913305265
1.06,-0.481161522627736
1.062,-0.486629161214261
1.064,-0.492205364960885
1.066,-0.497893599590837
1.068,-0.503697489214328
1.07,-0.509620825780127
1.072,-0.515667579221128
1.074,-0.521841908354231
1.076,-0.528148172600777
1.078,-0.534590944600597
1.08,-0.541175023800079
1.082,-0.547905451103099
1.084,-0.554787524682903
1.086,-0.561826817063482
1.088,-0.569029193590613
1.09,-0.576400832425767
1.092,-0.583948246210939
1.094,-0.59167830556869
1.096,-0.599598264620407
1.098,-0.607715788726909
1.1,-0.616038984678658
1.102,-0.624576433590238
1.104,-0.633337226783446
1.106,-0.642331004978065
1.108,-0.651568001148235
1.11,-0.661059087446712
1.112,-0.670815826650062
1.114,-0.680850528635327
1.116,-0.691176312465041
1.118,-0.701807174732999
1.12,-0.712758064909984
1.122,-0.724044968528904
1.124,-0.735684999163361
1.126,-0.747696500287063
1.128,-0.760099158254923
1.13,-0.772914127824921
1.132,-0.786164171846733
1.134,-0.799873816984309
1.136,-0.814069527620326
1.138,-0.828779900419609
1.14,-0.844035882413646
1.142,-0.85987101592135
1.144,-0.876321714154595
1.146,-0.893427571986811
1.148,-0.911231717108915
1.15,-0.929781207682331
1.1502,-0.931679090577754
1.1504,-0.93358499129283
1.1506,-0.935498964317749
1.1508,-0.937421064642072
1.151,-0.939351347760417
1.1512,-0.941289869678134
1.1514,-0.943236686917138
1.1516,-0.945191856521747
1.1518,-0.947155436064634
1.152,-0.949127483652884
1.1522,-0.951108057934032
1.1524,-0.953097218102328
1.1526,-0.955095023904989
1.1528,-0.957101535648521
1.153,-0.959116814205186
1.1532,-0.961140921019539
1.1534,-0.963173918115047
1.1536,-0.96521586810078
1.1538,-0.96726683417821
1.154,-0.969326880148135
1.1542,-0.971396070417635
1.1544,-0.973474470007141
1.1546,-0.975562144557658
1.1548,-0.977659160338022
1.155,-0.979765584252246
1.1552,-0.981881483847056
1.1554,-0.984006927319424
1.1556,-0.986141983524284
1.1558,-0.988286721982313
1.156,-0.990441212887837
1.1562,-0.992605527116843
1.1564,-0.994779736235114
1.1566,-0.996963912506415
1.1568,-0.99915812890093
1.157,-1.00136245910365
1.1572,-1.00357697752302
1.1574,-1.0058017592996
1.1576,-1.00803688031495
1.1578,-1.01028241720052
1.158,-1.01253844734682
1.1582,-1.01480504891253
1.1584,-1.01708230083393
1.1586,-1.01937028283432
1.1588,-1.02166907543369
1.159,-1.02397875995838
1.1592,-1.02629941855107
1.1594,-1.02863113418073
1.1596,-1.03097399065283
1.1598,-1.03332807261966
1.16,-1.03569346559081
1.1602,-1.03807025594374
1.1604,-1.04045853093464
1.1606,-1.04285837870927
1.1608,-1.04526988831413
1.161,-1.04769314970765
1.1612,-1.05012825377167
1.1614,-1.05257529232294
1.1616,-1.05503435812495
1.1618,-1.05750554489985
1.162,-1.0599889473405
1.1622,-1.06248466112277
1.1624,-1.06499278291806
1.1626,-1.06751341040585
1.1628,-1.07004664228663
1.163,-1.07259257829483
1.1632,-1.07515131921214
1.1634,-1.07772296688085
1.1636,-1.08030762421748
1.1638,-1.08290539522665
1.164,-1.08551638501504
1.1642,-1.08814069980569
1.1644,-1.09077844695241
1.1646,-1.09342973495449
1.1648,-1.09609467347157
1.165,-1.09877337333877
1.1652,-1.10146594658203
1.1654,-1.10417250643373
1.1656,-1.10689316734849
1.1658,-1.10962804501922
1.166,-1.11237725639347
1.1662,-1.11514091968994
1.1664,-1.11791915441536
1.1666,-1.12071208138152
1.1668,-1.12351982272263
1.167,-1.12634250191293
1.1672,-1.12918024378455
1.1674,-1.1320331745457
1.1676,-1.13490142179912
1.1678,-1.13778511456076
1.168,-1.14068438327886
1.1682,-1.14359935985325
1.1684,-1.14653017765498
1.1686,-1.14947697154624
1.1688,-1.15243987790063
1.169,-1.15541903462375
1.1692,-1.15841458117403
1.1694,-1.16142665858402
1.1696,-1.16445540948196
1.1698,-1.16750097811363
1.17,-1.17056351036466
1.1702,-1.17364315378312
1.1704,-1.17674005760256
1.1706,-1.17985437276524
1.1708,-1.18298625194599
1.171,-1.18613584957621
1.1712,-1.18930332186842
1.1714,-1.19248882684118
1.1716,-1.19569252434434
1.1718,-1.19891457608474
1.172,-1.20215514565242
1.1722,-1.20541439854712
1.1724,-1.20869250220528
1.1726,-1.21198962602745
1.1728,-1.21530594140629
1.173,-1.2186416217548
1.1732,-1.22199684253517
1.1734,-1.22537178128811
1.1736,-1.22876661766262
1.1738,-1.23218153344622
1.174,-1.23561671259582
1.1742,-1.23907234126892
1.1744,-1.24254860785552
1.1746,-1.24604570301041
1.1748,-1.24956381968608
1.175,-1.25310315316624
1.1752,-1.25666390109971
1.1754,-1.26024626353516
1.1756,-1.26385044295619
1.1758,-1.26747664431713
1.176,-1.27112507507946
1.1762,-1.2747959452488
1.1764,-1.27848946741256
1.1766,-1.28220585677821
1.1768,-1.28594533121228
1.177,-1.2897081112799
1.1772,-1.29349442028518
1.1774,-1.29730448431217
1.1776,-1.30113853226657
1.1778,-1.30499679591821
1.178,-1.30887950994416
1.1782,-1.3127869119727
1.1784,-1.31671924262802
1.1786,-1.32067674557571
1.1788,-1.324659667569
1.179,-1.3286682584959
1.1792,-1.33270277142708
1.1794,-1.33676346266473
1.1796,-1.34085059179211
1.1798,-1.34496442172413
1.18,-1.34910521875873
1.1802,-1.35327325262929
1.1804,-1.35746879655781
1.1806,-1.36169212730925
1.1808,-1.36594352524664
1.181,-1.37022327438736
1.1812,-1.37453166246032
1.1814,-1.37886898096419
1.1816,-1.38323552522676
1.1818,-1.3876315944653
1.182,-1.39205749184804
1.1822,-1.39651352455678
1.1824,-1.40100000385068
1.1826,-1.40551724513113
1.1828,-1.41006556800792
1.183,-1.41464529636652
1.1832,-1.41925675843674
1.1834,-1.42390028686248
1.1836,-1.42857621877298
1.1838,-1.43328489585521
1.184,-1.4380266644277
1.1842,-1.44280187551578
1.1844,-1.44761088492818
1.1846,-1.45245405333501
1.1848,-1.45733174634734
1.185,-1.46224433459821
1.1852,-1.46719219382511
1.1854,-1.47217570495416
1.1856,-1.47719525418578
1.1858,-1.48225123308199
1.186,-1.48734403865549
1.1862,-1.49247407346029
1.1864,-1.49764174568417
1.1866,-1.5028474692429
1.1868,-1.50809166387628
1.187,-1.51337475524599
1.1872,-1.51869717503538
1.1874,-1.52405936105118
1.1876,-1.52946175732723
1.1878,-1.53490481423006
1.188,-1.54038898856681
1.1882,-1.54591474369498
1.1884,-1.55148254963458
1.1886,-1.55709288318226
1.1888,-1.56274622802786
1.189,-1.56844307487317
1.1892,-1.57418392155312
1.1894,-1.57996927315924
1.1896,-1.58579964216573
1.1898,-1.59167554855798
1.19,-1.5975975199636
1.1902,-1.60356609178619
1.1904,-1.60958180734168
1.1906,-1.61564521799754
1.1908,-1.62175688331468
1.191,-1.62791737119229
1.1912,-1.6341272580156
1.1914,-1.64038712880664
1.1916,-1.64669757737807
1.1918,-1.65305920649019
1.192,-1.65947262801108
1.1922,-1.6659384630801
1.1924,-1.67245734227472
1.1926,-1.67902990578083
1.1928,-1.6856568035665
1.193,-1.69233869555941
1.1932,-1.69907625182791
1.1934,-1.7058701527659
1.1936,-1.71272108928152
1.1938,-1.7196297629898
1.194,-1.72659688640941
1.1942,-1.73362318316345
1.1944,-1.74070938818451
1.1946,-1.7478562479241
1.1948,-1.75506452056645
1.195,-1.76233497624693
1.1952,-1.769668397275
1.1954,-1.777065578362
1.1956,-1.78452732685384
1.1958,-1.79205446296858
1.196,-1.79964782003915
1.1962,-1.80730824476137
1.1964,-1.81503659744719
1.1966,-1.82283375228356
1.1968,-1.83070059759677
1.197,-1.83863803612268
1.1972,-1.84664698528269
1.1974,-1.85472837746592
1.1976,-1.86288316031736
1.1978,-1.87111229703255
1.198,-1.87941676665865
1.1982,-1.88779756440208
1.1984,-1.89625570194321
1.1986,-1.90479220775769
1.1988,-1.91340812744522
1.199,-1.92210452406548
1.1992,-1.93088247848168
1.1994,-1.93974308971162
1.1996,-1.94868747528691
1.1998,-1.95771677161996
1.2,-1.96683213437954
1.2002,-1.97603473887464
1.2004,-1.98532578044711
1.2006,-1.99470647487318
1.2008,-2.00417805877429
1.201,-2.01374179003701
1.2012,-2.02339894824288
1.2014,-2.03315083510793
1.2016,-2.04299877493239
1.2018,-2.05294411506074
1.202,-2.06298822635247
1.2022,-2.07313250366364
1.2024,-2.0833783663398
1.2026,-2.09372725872021
1.2028,-2.10418065065395
1.203,-2.11474003802819
1.2032,-2.12540694330867
1.2034,-2.13618291609305
1.2036,-2.14706953367729
1.2038,-2.15806840163542
1.204,-2.16918115441307
1.2042,-2.18040945593506
1.2044,-2.19175500022758
1.2046,-2.20321951205515
1.2048,-2.21480474757286
1.205,-2.22651249499435
1.2052,-2.23834457527574
1.2054,-2.25030284281619
1.2056,-2.2623891861754
1.2058,-2.27460552880846
1.206,-2.28695382981862
1.2062,-2.29943608472845
1.2064,-2.31205432626978
1.2066,-2.32481062519314
1.2068,-2.33770709109688
1.207,-2.35074587327698
1.2072,-2.36392916159763
1.2074,-2.37725918738357
1.2076,-2.39073822433443
1.2078,-2.40436858946191
1.208,-2.41815264405038
1.2082,-2.43209279464147
1.2084,-2.44619149404342
1.2086,-2.46045124236579
1.2088,-2.47487458808025
1.209,-2.48946412910832
1.2092,-2.50422251393656
1.2094,-2.51915244276017
1.2096,-2.53425666865578
1.2098,-2.54953799878419
1.21,-2.56499929562393
1.2102,-2.58064347823652
1.2104,-2.59647352356446
1.2106,-2.61249246776253
1.2108,-2.6287034075638
1.211,-2.64510950168102
1.2112,-2.66171397224454
1.2114,-2.67852010627785
1.2116,-2.69553125721172
1.2118,-2.71275084643806
1.212,-2.73018236490488
1.2122,-2.74782937475319
1.2124,-2.76569551099749
1.2126,-2.78378448325064
1.2128,-2.8021000774949
1.213,-2.82064615790016
1.2132,-2.839426668691
1.2134,-2.85844563606379
1.2136,-2.87770717015556
1.2138,-2.89721546706605
1.214,-2.91697481093462
1.2142,-2.93698957607351
1.2144,-2.95726422915942
1.2146,-2.97780333148492
1.2148,-2.99861154127178
1.215,-3.01969361604772
1.2152,-3.04105441508903
1.2154,-3.0626989019306
1.2156,-3.08463214694593
1.2158,-3.10685932999865
1.216,-3.12938574316855
1.2162,-3.1522167935538
1.2164,-3.17535800615208
1.2166,-3.198815026823
1.2168,-3.22259362533447
1.217,-3.2466996984955
1.2172,-3.27113927337842
1.2174,-3.2959185106332
1.2176,-3.32104370789679
1.2178,-3.3465213033009
1.218,-3.37235787908084
1.2182,-3.39856016528931
1.2184,-3.42513504361789
1.2186,-3.45208955133056
1.2188,-3.47943088531224
1.219,-3.50716640623654
1.2192,-3.53530364285648
1.2194,-3.56385029642251
1.2196,-3.59281424523185
1.2198,-3.62220354931378
1.22,-3.65202645525522
1.2202,-3.68229140117176
1.2204,-3.71300702182862
1.2206,-3.7441821539172
1.2208,-3.77582584149203
1.221,-3.80794734157414
1.2212,-3.84055612992639
1.2214,-3.87366190700696
1.2216,-3.9072746041067
1.2218,-3.94140438967773
1.222,-3.97606167585925
1.2222,-4.01125712520805
1.2224,-4.04700165764065
1.2226,-4.08330645759514
1.2228,-4.12018298142004
1.223,-4.15764296499917
1.2232,-4.19569843162016
1.2234,-4.23436170009616
1.2236,-4.27364539314993
1.2238,-4.31356244606973
1.224,-4.35412611564698
1.2242,-4.39534998940641
1.2244,-4.43724799513922
1.2246,-4.47983441075077
1.2248,-4.52312387443423
1.225,-4.56713139518247
1.2252,-4.61187236365078
1.2254,-4.65736256338357
1.2256,-4.70361818241878
1.2258,-4.75065582528325
1.226,-4.79849252539512
1.2262,-4.84714575788678
1.2264,-4.89663345286531
1.2266,-4.94697400912543
1.2268,-4.99818630833226
1.227,-5.05028972969101
1.2272,-5.10330416512095
1.2274,-5.15725003495147
1.2276,-5.21214830415938
1.2278,-5.26802049916576
1.228,-5.32488872521193
1.2282,-5.38277568433321
1.2284,-5.44170469395095
1.2286,-5.50169970610204
1.2288,-5.56278532732545
1.229,-5.62498683922474
1.2292,-5.68833021972641
1.2294,-5.75284216505117
1.2296,-5.81855011241641
1.2298,-5.8854822634847
1.23,-5.95366760857412
1.2302,-6.02313595164119
1.2304,-6.09391793604722
1.2306,-6.16604507111302
1.2308,-6.23954975946561
1.231,-6.31446532517235
1.2312,-6.39082604265551
1.2314,-6.46866716636978
1.2316,-6.54802496121785
1.2318,-6.62893673367013
1.232,-6.711440863539
1.2322,-6.79557683634682
1.2324,-6.88138527620584
1.2326,-6.9689079791104
1.2328,-7.05818794651571
1.233,-7.14926941904794
1.2332,-7.24219791015724
1.2334,-7.33702023948431
1.2336,-7.43378456566374
1.2338,-7.53254041823099
1.234,-7.63333872823319
1.2342,-7.73623185706876
1.2344,-7.84127362298557
1.2346,-7.94851932456429
1.2348,-8.05802576038217
1.235,-8.16985124390833
1.2352,-8.28405561250345
1.2354,-8.40070022919214
1.2356,-8.51984797563258
1.2358,-8.64156323442438
1.236,-8.76591185855764
1.2362,-8.89296112541287
1.2364,-9.02277967225217
1.2366,-9.15543740959747
1.2368,-9.29100540824215
1.237,-9.42955575488455
1.2372,-9.57116137047238
1.2374,-9.71589578429704
1.2376,-9.8638328556352
1.2378,-10.0150464332756
1.238,-10.1696099415629
1.2382,-10.327595879579
1.2384,-10.4890752177386
1.2386,-10.6541166733317
1.2388,-10.8227858433586
1.239,-10.9951441692963
1.2392,-11.1712477041749
1.2394,-11.3511456474402
1.2396,-11.5348786075133
1.2398,-11.7224765456899
1.24,-11.9139563480672
1.2402,-12.1093189646004
1.2404,-12.3085460463452
1.2406,-12.5115960037155
1.2408,-12.7183994006635
1.241,-12.9288535928348
1.2412,-13.1428165131113
1.2414,-13.3600995071871
1.2416,-13.5804591272986
1.2418,-13.8035878071652
1.242,-14.0291033699162
1.2422,-14.2565373688429
1.2424,-14.4853223351024
1.2426,-14.7147781150477
1.2428,-14.9440976313637
1.243,-15.1723326047478
1.2432,-15.3983800318924
1.2434,-15.6209705301691
1.2436,-15.8386600177761
1.2438,-16.0498265706858
1.244,-16.252674630869
1.2442,-16.4452489508955
1.2444,-16.6254606360815
1.2446,-16.7911272566118
1.2448,-16.9400281265041
1.245,-17.069974414327
1.2452,-17.1788918014813
1.2454,-17.2649111374802
1.2456,-17.3264603374101
1.2458,-17.362349139285
1.246,-17.3718378167484
1.2462,-17.3546818906545
1.2464,-17.3111473341525
1.2466,-17.2419943424958
1.2468,-17.148431724481
1.247,-17.0320475221056
1.2472,-16.8947238706841
1.2474,-16.7385450089148
1.2476,-16.5657067827754
1.2478,-16.37843433204
1.248,-16.1789124342683
1.2482,-15.9692307200608
1.2484,-15.751344039027
1.2486,-15.5270468422879
1.2488,-15.2979595892532
1.249,-15.0655248116793
1.2492,-14.831010453786
1.2494,-14.5955183234687
1.2496,-14.3599958252202
1.2498,-14.1252495181886
1.25,-13.8919594000743
1.2502,-13.6606931305063
1.2504,-13.4319196646771
1.2506,-13.2060219687832
1.2508,-12.9833086387911
1.251,-12.7640243513302
1.2512,-12.5483591488254
1.2514,-12.3364566083041
1.2516,-12.1284209714984
1.2518,-11.9243233284318
1.252,-11.724206951897
1.2522,-11.528091879308
1.2524,-11.3359788336701
1.2526,-11.1478525685063
1.2528,-10.9636847136357
1.253,-10.7834361904741
1.2532,-10.6070592574831
1.2534,-10.4344992388354
1.2536,-10.2656959824284
1.2538,-10.1005850871284
1.254,-9.9390989335872
1.2542,-9.78116754809437
1.2544,-9.62671932468103
1.2546,-9.47568162700878
1.2548,-9.32798128839808
1.255,-9.18354502562856
1.2552,-9.042299779803
1.2554,-8.90417299557475
1.2556,-8.76909284833356
1.2558,-8.63698842749664
1.256,-8.50778988281802
1.2562,-8.38142853958323
1.2564,-8.25783698766104
1.2566,-8.1369491486326
1.2568,-8.01870032457184
1.257,-7.90302723151037
1.2572,-7.78986802015068
1.2574,-7.67916228600512
1.2576,-7.57085107079921
1.2578,-7.46487685669731
1.258,-7.36118355466708
1.2582,-7.25971648809377
1.2584,-7.16042237258334
1.2586,-7.06324929274434
1.2588,-6.96814667661478
1.259,-6.87506526829134
1.2592,-6.78395709923065
1.2594,-6.69477545861263
1.2596,-6.60747486309377
1.2598,-6.5220110262199
1.26,-6.43834082772318
1.2602,-6.35642228288695
1.2604,-6.27621451212974
1.2606,-6.19767771092946
1.2608,-6.1207731201861
1.261,-6.0454629971006
1.2612,-5.97171058663028
1.2614,-5.89948009356638
1.2616,-5.82873665526841
1.2618,-5.75944631507842
1.262,-5.69157599643173
1.2622,-5.62509347767115
1.2624,-5.5599673675691
1.2626,-5.49616708155398
1.2628,-5.43366281863666
1.263,-5.3724255390268
1.2632,-5.31242694242832
1.2634,-5.2536394470005
1.2636,-5.19603616897011
1.2638,-5.13959090287792
1.264,-5.08427810244383
1.2642,-5.03007286203246
1.2644,-4.9769508987016
1.2646,-4.92488853481662
1.2648,-4.8738626812117
1.265,-4.82385082088104
1.2652,-4.77483099318227
1.2654,-4.72678177853519
1.2656,-4.67968228359831
1.2658,-4.63351212690747
1.266,-4.58825142495974
1.2662,-4.54388077872816
1.2664,-4.50038126059108
1.2666,-4.45773440166195
1.2668,-4.41592217950583
1.267,-4.37492700622851
1.2672,-4.33473171692527
1.2674,-4.29531955847676
1.2676,-4.25667417867969
1.2678,-4.21877961570084
1.268,-4.181620287843
1.2682,-4.14518098361197
1.2684,-4.10944685207447
1.2686,-4.07440339349701
1.2688,-4.04003645025578
1.269,-4.00633219800902
1.2692,-3.97327713712218
1.2694,-3.94085808433859
1.2696,-3.90906216468628
1.2698,-3.87787680361407
1.27,-3.84728971934894
1.2702,-3.81728891546784
1.2704,-3.78786267367661
1.2706,-3.75899954678985
1.2708,-3.73068835190492
1.271,-3.70291816376423
1.2712,-3.67567830829988
1.2714,-3.64895835635485
1.2716,-3.62274811757536
1.2718,-3.59703763446908
1.272,-3.57181717662435
1.2722,-3.54707723508525
1.2724,-3.52280851687789
1.2726,-3.49900193968353
1.2728,-3.47564862665415
1.273,-3.45273990136598
1.2732,-3.43026728290731
1.2734,-3.40822248109628
1.2736,-3.38659739182541
1.2738,-3.36538409252849
1.274,-3.34457483776682
1.2742,-3.32416205493126
1.2744,-3.30413834005678
1.2746,-3.28449645374618
1.2748,-3.26522931720013
1.275,-3.24633000835031
1.2752,-3.22779175809298
1.2754,-3.20960794661999
1.2756,-3.19177209984455
1.2758,-3.17427788591929
1.276,-3.15711911184388
1.2762,-3.14028972015975
1.2764,-3.12378378572977
1.2766,-3.10759551260005
1.2768,-3.09171923094234
1.277,-3.07614939407414
1.2772,-3.06088057555481
1.2774,-3.0459074663556
1.2776,-3.03122487210137
1.2778,-3.01682771038247
1.278,-3.00271100813437
1.2782,-2.98886989908382
1.2784,-2.97529962125914
1.2786,-2.96199551456355
1.2788,-2.94895301840931
1.279,-2.93616766941146
1.2792,-2.92363509913925
1.2794,-2.91135103192419
1.2796,-2.89931128272252
1.2798,-2.88751175503149
1.28,-2.8759484388573
1.2802,-2.86461740873384
1.2804,-2.8535148217907
1.2806,-2.84263691586907
1.2808,-2.83198000768442
1.281,-2.82154049103485
1.2812,-2.8113148350535
1.2814,-2.80129958250429
1.2816,-2.79149134811974
1.2818,-2.78188681697962
1.282,-2.77248274292957
1.2822,-2.76327594703852
1.2824,-2.75426331609405
1.2826,-2.7454418011345
1.2828,-2.73680841601704
1.283,-2.72836023602081
1.2832,-2.72009439648396
1.2834,-2.71200809147411
1.2836,-2.70409857249098
1.2838,-2.69636314720067
1.284,-2.68879917820058
1.2842,-2.68140408181424
1.2844,-2.67417532691542
1.2846,-2.66711043378052
1.2848,-2.66020697296866
1.285,-2.65346256422883
1.2852,-2.64687487543331
1.2854,-2.64044162153661
1.2856,-2.63416056355957
1.2858,-2.6280295075976
1.286,-2.62204630385277
1.2862,-2.616208845689
1.2864,-2.61051506870976
1.2866,-2.60496294985772
1.2868,-2.59955050653583
1.287,-2.59427579574932
1.2872,-2.58913691326797
1.2874,-2.58413199280822
1.2876,-2.57925920523469
1.2878,-2.57451675778045
1.288,-2.56990289328576
1.2882,-2.56541588945466
1.2884,-2.56105405812904
1.2886,-2.55681574457982
1.2888,-2.55269932681462
1.289,-2.5487032149017
1.2892,-2.54482585030972
1.2894,-2.54106570526282
1.2896,-2.53742128211077
1.2898,-2.5338911127138
1.29,-2.5304737578416
1.2902,-2.52716780658643
1.2904,-2.52397187578965
1.2906,-2.52088460948161
1.2908,-2.51790467833442
1.291,-2.51503077912735
1.2912,-2.51226163422457
1.2914,-2.50959599106482
1.2916,-2.50703262166284
1.2918,-2.5045703221222
1.292,-2.50220791215931
1.2922,-2.49994423463825
1.2924,-2.49777815511629
1.2926,-2.49570856139963
1.2928,-2.49373436310942
1.293,-2.49185449125751
1.2932,-2.49006789783183
1.2934,-2.48837355539123
1.2936,-2.48677045666945
1.2938,-2.48525761418794
1.294,-2.48383405987761
1.2942,-2.48249884470893
1.2944,-2.48125103833036
1.2946,-2.48008972871505
1.2948,-2.47901402181525
1.295,-2.47802304122465
1.2952,-2.47711592784813
1.2954,-2.47629183957898
1.2956,-2.47554995098331
1.2958,-2.47488945299141
1.296,-2.4743095525961
1.2962,-2.47380947255767
1.2964,-2.47338845111547
1.2966,-2.47304574170581
1.2968,-2.47278061268616
1.297,-2.47259234706544
1.2972,-2.47248024224023
1.2974,-2.47244360973687
1.2976,-2.47248177495916
1.2978,-2.47259407694171
1.298,-2.47277986810865
1.2982,-2.47303851403763
1.2984,-2.47336939322907
1.2986,-2.47377189688039
1.2988,-2.47424542866526
1.299,-2.47478940451761
1.2992,-2.47540325242043
1.2994,-2.47608641219913
1.2996,-2.47683833531944
1.2998,-2.47765848468972
1.3,-2.47854633446756
1.3002,-2.47950136987061
1.3004,-2.48052308699151
1.3006,-2.48161099261689
1.3008,-2.48276460405022
1.301,-2.48398344893863
1.3012,-2.48526706510332
1.3014,-2.48661500037386
1.3016,-2.48802681242593
1.3018,-2.4895020686226
1.302,-2.49104034585912
1.3022,-2.49264123041101
1.3024,-2.4943043177855
1.3026,-2.4960292125761
1.3028,-2.49781552832042
1.303,-2.49966288736099
1.3032,-2.50157092070917
1.3034,-2.50353926791194
1.3036,-2.50556757692159
1.3038,-2.50765550396831
1.304,-2.50980271343545
1.3042,-2.51200887773749
1.3044,-2.51427367720073
1.3046,-2.51659679994652
1.3048,-2.51897794177701
1.305,-2.52141680606343
1.3052,-2.52391310363679
1.3054,-2.52646655268092
1.3056,-2.52907687862787
1.3058,-2.53174381405561
1.306,-2.53446709858793
1.3062,-2.53724647879657
1.3064,-2.54008170810543
1.3066,-2.54297254669694
1.3068,-2.54591876142046
1.307,-2.54892012570272
1.3072,-2.55197641946017
1.3074,-2.55508742901335
1.3076,-2.55825294700309
1.3078,-2.56147277230859
1.308,-2.56474670996735
1.3082,-2.56807457109681
1.3084,-2.57145617281783
1.3086,-2.57489133817982
1.3088,-2.57837989608755
1.309,-2.58192168122967
1.3092,-2.58551653400879
1.3094,-2.58916430047314
1.3096,-2.59286483224982
1.3098,-2.59661798647956
1.31,-2.600423625753
1.3102,-2.60428161804833
1.3104,-2.60819183667059
1.3106,-2.61215416019207
1.3108,-2.61616847239445
1.311,-2.62023466221198
1.3112,-2.62435262367621
1.3114,-2.62852225586197
1.3116,-2.63274346283456
1.3118,-2.63701615359832
1.312,-2.64134024204636
1.3122,-2.6457156469116
1.3124,-2.65014229171887
1.3126,-2.6546201047383
1.3128,-2.65914901893983
1.313,-2.66372897194883
1.3132,-2.66835990600289
1.3134,-2.67304176790967
1.3136,-2.67777450900578
1.3138,-2.68255808511687
1.314,-2.68739245651856
1.3142,-2.6922775878986
1.3144,-2.69721344831983
1.3146,-2.70220001118432
1.3148,-2.70723725419837
1.315,-2.71232515933852
1.3152,-2.71746371281843
1.3154,-2.72265290505682
1.3156,-2.72789273064623
1.3158,-2.73318318832263
1.316,-2.73852428093606
1.3162,-2.74391601542208
1.3164,-2.74935840277401
1.3166,-2.75485145801609
1.3168,-2.76039520017747
1.317,-2.76598965226708
1.3172,-2.77163484124912
1.3174,-2.77733079801955
1.3176,-2.78307755738329
1.3178,-2.78887515803217
1.318,-2.79472364252371
1.3182,-2.8006230572606
1.3184,-2.80657345247096
1.3186,-2.81257488218931
1.3188,-2.8186274042383
1.319,-2.82473108021114
1.3192,-2.83088597545472
1.3194,-2.83709215905348
1.3196,-2.84334970381392
1.3198,-2.84965868624983
1.32,-2.85601918656813
1.3202,-2.86243128865554
1.3204,-2.8688950800657
1.3206,-2.87541065200708
1.3208,-2.88197809933148
1.321,-2.88859752052324
1.3212,-2.89526901768896
1.3214,-2.90199269654798
1.3216,-2.9087686664234
1.3218,-2.91559704023371
1.322,-2.92247793448508
1.3222,-2.92941146926421
1.3224,-2.93639776823181
1.3226,-2.94343695861661
1.3228,-2.95052917121007
1.323,-2.9576745403616
1.3232,-2.96487320397424
1.3234,-2.97212530350121
1.3236,-2.97943098394278
1.3238,-2.98679039384375
1.324,-2.99420368529159
1.3242,-3.00167101391502
1.3244,-3.00919253888322
1.3246,-3.01676842290561
1.3248,-3.02439883223204
1.325,-3.0320839366537
1.3252,-3.0398239095045
1.3254,-3.0476189276629
1.3256,-3.05546917155447
1.3258,-3.06337482515479
1.326,-3.07133607599301
1.3262,-3.07935311515588
1.3264,-3.08742613729235
1.3266,-3.09555534061864
1.3268,-3.10374092692389
1.327,-3.11198310157633
1.3272,-3.12028207352991
1.3274,-3.12863805533153
1.3276,-3.13705126312875
1.3278,-3.14552191667802
1.328,-3.15405023935347
1.3282,-3.16263645815612
1.3284,-3.17128080372372
1.3286,-3.17998351034106
1.3288,-3.18874481595081
1.329,-3.19756496216478
1.3292,-3.20644419427591
1.3294,-3.21538276127058
1.3296,-3.22438091584153
1.3298,-3.23343891440125
1.33,-3.24255701709597
1.3302,-3.25173548782013
1.3304,-3.2609745942313
1.3306,-3.27027460776577
1.3308,-3.27963580365451
1.331,-3.2890584609398
1.3312,-3.29854286249231
1.3314,-3.30808929502864
1.3316,-3.31769804912959
1.3318,-3.32736941925878
1.332,-3.3371037037819
1.3322,-3.34690120498643
1.3324,-3.35676222910202
1.3326,-3.36668708632127
1.3328,-3.37667609082116
1.333,-3.38672956078502
1.3332,-3.39684781842496
1.3334,-3.40703119000497
1.3336,-3.4172800058646
1.3338,-3.42759460044303
1.334,-3.43797531230387
1.3342,-3.44842248416049
1.3344,-3.45893646290194
1.3346,-3.46951759961936
1.3348,-3.48016624963309
1.335,-3.49088277252032
1.3352,-3.50166753214336
1.3354,-3.51252089667841
1.3356,-3.52344323864507
1.3358,-3.5344349349364
1.336,-3.54549636684959
1.3362,-3.55662792011724
1.3364,-3.56782998493929
1.3366,-3.57910295601558
1.3368,-3.59044723257906
1.337,-3.60186321842962
1.3372,-3.61335132196856
1.3374,-3.62491195623381
1.3376,-3.63654553893564
1.3378,-3.64825249249331
1.338,-3.66003324407208
1.3382,-3.6718882256212
1.3384,-3.68381787391235
1.3386,-3.69582263057909
1.3388,-3.70790294215661
1.339,-3.7200592601226
1.3392,-3.73229204093861
1.3394,-3.74460174609225
1.3396,-3.75698884214008
1.3398,-3.76945380075129
1.34,-3.78199709875217
1.3402,-3.79461921817133
1.3404,-3.80732064628567
1.3406,-3.82010187566726
1.3408,-3.8329634042309
1.341,-3.84590573528261
1.3412,-3.85892937756885
1.3414,-3.87203484532669
1.3416,-3.88522265833475
1.3418,-3.89849334196509
1.342,-3.91184742723584
1.3422,-3.92528545086493
1.3424,-3.93880795532452
1.3426,-3.95241548889651
1.3428,-3.96610860572887
1.343,-3.97988786589299
1.3432,-3.99375383544196
1.3434,-4.00770708646985
1.3436,-4.02174819717193
1.3438,-4.03587775190601
1.344,-4.05009634125466
1.3442,-4.06440456208853
1.3444,-4.07880301763088
1.3446,-4.09329231752284
1.3448,-4.10787307789014
1.345,-4.12254592141066
1.3452,-4.13731147738334
1.3454,-4.152170381798
1.3456,-4.16712327740654
1.3458,-4.18217081379519
1.346,-4.19731364745808
1.3462,-4.21255244187188
1.3464,-4.22788786757187
1.3466,-4.24332060222912
1.3468,-4.25885133072911
1.347,-4.27448074525154
1.3472,-4.29020954535156
1.3474,-4.30603843804231
1.3476,-4.32196813787895
1.3478,-4.33799936704393
1.348,-4.35413285543385
1.3482,-4.37036934074775
1.3484,-4.3867095685769
1.3486,-4.403154292496
1.3488,-4.4197042741561
1.349,-4.43636028337896
1.3492,-4.45312309825318
1.3494,-4.46999350523174
1.3496,-4.48697229923142
1.3498,-4.5040602837338
1.35,-4.52125827088808
1.3502,-4.53856708161555
1.3504,-4.55598754571603
1.3506,-4.57352050197601
1.3508,-4.59116679827865
1.351,-4.60892729171595
1.3512,-4.62680284870247
1.3514,-4.64479434509137
1.3516,-4.66290266629233
1.3518,-4.68112870739161
1.352,-4.69947337327413
1.3522,-4.71793757874781
1.3524,-4.73652224867007
1.3526,-4.7552283180766
1.3528,-4.77405673231234
1.353,-4.79300844716495
1.3532,-4.81208442900051
1.3534,-4.83128565490188
1.3536,-4.85061311280926
1.3538,-4.87006780166354
1.354,-4.8896507315522
1.3542,-4.90936292385784
1.3544,-4.92920541140939
1.3546,-4.94917923863612
1.3548,-4.96928546172457
1.355,-4.98952514877835
1.3552,-5.00989937998072
1.3554,-5.03040924776051
1.3556,-5.05105585696085
1.3558,-5.07184032501132
1.356,-5.09276378210311
1.3562,-5.1138273713676
1.3564,-5.13503224905835
1.3566,-5.15637958473658
1.3568,-5.17787056146004
1.357,-5.1995063759756
1.3572,-5.22128823891562
1.3574,-5.24321737499799
1.3576,-5.26529502323019
1.3578,-5.2875224371171
1.358,-5.30990088487314
1.3582,-5.33243164963843
1.3584,-5.35511602969923
1.3586,-5.37795533871271
1.3588,-5.40095090593639
1.359,-5.42410407646175
1.3592,-5.44741621145312
1.3594,-5.4708886883907
1.3596,-5.49452290131908
1.3598,-5.51832026110043
1.36,-5.5422821956731
1.3602,-5.56641015031531
1.3604,-5.59070558791437
1.3606,-5.6151699892415
1.3608,-5.63980485323228
1.361,-5.66461169727299
1.3612,-5.68959205749285
1.3614,-5.71474748906255
1.3616,-5.74007956649906
1.3618,-5.76558988397671
1.362,-5.79128005564522
1.3622,-5.81715171595421
1.3624,-5.84320651998504
1.3626,-5.86944614378945
1.3628,-5.89587228473578
1.363,-5.92248666186279
1.3632,-5.94929101624099
1.3634,-5.97628711134216
1.3636,-6.00347673341686
1.3638,-6.03086169188046
1.364,-6.05844381970771
1.3642,-6.08622497383625
1.3644,-6.11420703557901
1.3646,-6.14239191104617
1.3648,-6.17078153157659
1.365,-6.19937785417919
1.3652,-6.22818286198438
1.3654,-6.25719856470587
1.3656,-6.28642699911336
1.3658,-6.31587022951618
1.366,-6.34553034825805
1.3662,-6.37540947622384
1.3664,-6.40550976335798
1.3666,-6.43583338919549
1.3668,-6.4663825634054
1.367,-6.49715952634746
1.3672,-6.5281665496421
1.3674,-6.55940593675436
1.3676,-6.59088002359193
1.3678,-6.62259117911789
1.368,-6.65454180597846
1.3682,-6.68673434114654
1.3684,-6.71917125658083
1.3686,-6.75185505990179
1.3688,-6.78478829508438
1.369,-6.81797354316844
1.3692,-6.85141342298698
1.3694,-6.88511059191305
1.3696,-6.91906774662586
1.3698,-6.95328762389676
1.37,-6.98777300139517
1.3702,-7.02252669851595
1.3704,-7.05755157722833
1.3706,-7.09285054294703
1.3708,-7.1284265454267
1.371,-7.16428257967994
1.3712,-7.20042168691996
1.3714,-7.2368469555288
1.3716,-7.27356152205143
1.3718,-7.31056857221706
1.372,-7.34787134198845
1.3722,-7.38547311863979
1.3724,-7.42337724186493
1.3726,-7.46158710491568
1.3728,-7.50010615577264
1.373,-7.53893789834839
1.3732,-7.57808589372528
1.3734,-7.6175537614277
1.3736,-7.65734518073136
1.3738,-7.69746389200982
1.374,-7.73791369812029
1.3742,-7.77869846582927
1.3744,-7.81982212728033
1.3746,-7.86128868150481
1.3748,-7.90310219597741
1.375,-7.9452668082178
1.3752,-7.98778672744038
1.3754,-8.03066623625362
1.3756,-8.07390969241102
1.3758,-8.11752153061505
1.376,-8.16150626437671
1.3762,-8.20586848793224
1.3764,-8.25061287821942
1.3766,-8.29574419691513
1.3768,-8.34126729253733
1.377,-8.38718710261314
1.3772,-8.43350865591572
1.3774,-8.48023707477294
1.3776,-8.5273775774498
1.3778,-8.57493548060839
1.378,-8.62291620184763
1.3782,-8.67132526232634
1.3784,-8.72016828947261
1.3786,-8.7694510197831
1.3788,-8.8191793017158
1.379,-8.86935909867993
1.3792,-8.91999649212669
1.3794,-8.97109768474538
1.3796,-9.02266900376875
1.3798,-9.07471690439242
1.38,-9.12724797331249
1.3802,-9.180268932387
1.3804,-9.23378664242574
1.3806,-9.28780810711425
1.3808,-9.34234047707716
1.381,-9.39739105408743
1.3812,-9.45296729542725
1.3814,-9.5090768184072
1.3816,-9.56572740505065
1.3818,-9.62292700695049
1.382,-9.6806837503057
1.3822,-9.739005941146
1.3824,-9.79790207075237
1.3826,-9.85738082128268
1.3828,-9.91745107161147
1.383,-9.97812190339373
1.3832,-10.0394026073624
1.3834,-10.1013026898708
1.3836,-10.1638318796917
1.3838,-10.227000135083
1.384,-10.2908176511359
1.3842,-10.355294867415
1.3844,-10.4204424759072
1.3846,-10.4862714292922
1.3848,-10.5527929495519
1.385,-10.6200185369327
1.3852,-10.6879599792802
1.3854,-10.7566293617629
1.3856,-10.8260390770059
1.3858,-10.8962018356517
1.386,-10.967130677374
1.3862,-11.0388389823634
1.3864,-11.1113404833107
1.3866,-11.1846492779135
1.3868,-11.2587798419313
1.387,-11.3337470428197
1.3872,-11.4095661539722
1.3874,-11.4862528696019
1.3876,-11.5638233202967
1.3878,-11.6422940892848
1.388,-11.7216822294467
1.3882,-11.802005281115
1.3884,-11.8832812907049
1.3886,-11.9655288302189
1.3888,-12.0487670176764
1.389,-12.1330155385163
1.3892,-12.218294668028
1.3894,-12.3046252948687
1.3896,-12.3920289457265
1.3898,-12.4805278111947
1.39,-12.5701447729261
1.3902,-12.6609034321398
1.3904,-12.7528281395582
1.3906,-12.8459440268567
1.3908,-12.9402770397129
1.391,-13.0358539725485
1.3912,-13.1327025050624
1.3914,-13.2308512406604
1.3916,-13.3303297468906
1.3918,-13.4311685980042
1.392,-13.5333994197668
1.3922,-13.6370549366509
1.3924,-13.7421690215517
1.3926,-13.8487767481739
1.3928,-13.9569144462473
1.393,-14.0666197597357
1.3932,-14.1779317082159
1.3934,-14.2908907516091
1.3936,-14.4055388584596
1.3938,-14.5219195779632
1.394,-14.640078115956
1.3942,-14.7600614150863
1.3944,-14.8819182393967
1.3946,-15.0056992635533
1.3948,-15.1314571669623
1.395,-15.2592467330218
1.3952,-15.3891249537542
1.3954,-15.5211511400657
1.3956,-15.6553870378704
1.3958,-15.7918969503089
1.396,-15.930747866268
1.3962,-16.0720095953839
1.3964,-16.215754909669
1.3966,-16.3620596918507
1.3968,-16.5110030904389
1.397,-16.66266768144
1.3972,-16.8171396365192
1.3974,-16.9745088972418
1.3976,-17.1348693548332
1.3978,-17.2983190346236
1.398,-17.4649602840206
1.3982,-17.6348999624285
1.3984,-17.8082496310041
1.3986,-17.9851257394732
1.3988,-18.1656498063865
1.399,-18.3499485881381
1.3992,-18.5381542307429
1.3994,-18.7304043966936
1.3996,-18.9268423571225
1.3998,-19.1276170368545
1.4,-19.3328829966245
1.4002,-19.542800332562
1.4004,-19.7575344678096
1.4006,-19.9772558045427
1.4008,-20.2021391963749
1.401,-20.4323631906873
1.4012,-20.6681089773058
1.4014,-20.9095589634477
1.4016,-21.1568948741607
1.4018,-21.4102952515164
1.402,-21.6699321934129
1.4022,-21.9359671324863
1.4024,-22.2085454057363
1.4026,-22.4877893042331
1.4028,-22.7737892180281
1.403,-23.0665924028126
1.4032,-23.3661887917377
1.4034,-23.6724931599891
1.4036,-23.9853228270791
1.4038,-24.3043699650724
1.404,-24.6291674941515
1.4042,-24.9590475317703
1.4044,-25.2930914864984
1.4046,-25.6300712579545
1.4048,-25.968381773023
1.405,-26.3059664606909
1.4052,-26.640239485764
1.4054,-26.9680118513021
1.4056,-27.2854329243528
1.4058,-27.5879642525848
1.406,-27.8704077330664
1.4062,-28.1270132448805
1.4064,-28.3516886370642
1.4066,-28.5383239089582
1.4068,-28.681219366136
1.407,-28.7755765111853
1.4072,-28.8179788656475
1.4074,-28.8067715561161
1.4076,-28.7422562451155
1.4078,-28.6266550815437
1.408,-28.4638524069359
1.4082,-28.2589745465355
1.4084,-28.0178966960642
1.4086,-27.7467647592199
1.4088,-27.4515960330246
1.409,-27.1379899551604
1.4092,-26.8109512574131
1.4094,-26.4748092016486
1.4096,-26.1332085536609
1.4098,-25.7891477167117
1.41,-25.4450434343617
1.4102,-25.1028068635017
1.4104,-24.7639209321913
1.4106,-24.4295129975119
1.4108,-24.1004197630148
1.411,-23.7772433493366
1.4112,-23.4603985754084
1.4114,-23.1501521357766
1.4116,-22.8466546412455
1.4118,-22.5499665630299
1.412,-22.2600790778178
1.4122,-21.97693071175
1.4124,-21.7004205608724
1.4126,-21.4304187440998
1.4128,-21.1667746323842
1.413,-20.9093232990048
1.4132,-20.657890551775
1.4134,-20.4122968378462
1.4136,-20.1723602541889
1.4138,-19.9378988500296
1.414,-19.708732369749
1.4142,-19.4846835544486
1.4144,-19.2655790961559
1.4146,-19.0512503193187
1.4148,-18.8415336488442
1.415,-18.6362709117074
1.4152,-18.4353095094185
1.4154,-18.2385024909097
1.4156,-18.0457085492485
1.4158,-17.8567919607046
1.416,-17.6716224808054
1.4162,-17.4900752089264
1.4164,-17.3120304305014
1.4166,-17.1373734439788
1.4168,-16.9659943780935
1.417,-16.7977880037834
1.4172,-16.6326535440913
1.4174,-16.4704944846115
1.4176,-16.3112183864153
1.4178,-16.1547367028972
1.418,-16.0009646015928
1.4182,-15.8498207917103
1.4184,-15.7012273578742
1.4186,-15.5551096003928
1.4188,-15.4113958822111
1.419,-15.2700174825943
1.4192,-15.1309084575059
1.4194,-14.9940055065709
1.4196,-14.8592478464725
1.4198,-14.7265770905888
1.42,-14.5959371346576
1.4202,-14.467274048233
1.4204,-14.3405359716977
1.4206,-14.2156730185804
1.4208,-14.0926371829331
1.421,-13.971382251523
1.4212,-13.8518637206001
1.4214,-13.7340387170051
1.4216,-13.6178659233918
1.4218,-13.5033055073456
1.422,-13.3903190541919
1.4222,-13.278869503288
1.4224,-13.1689210876161
1.4226,-13.0604392764882
1.4228,-12.9533907211971
1.423,-12.8477432034458
1.4232,-12.7434655864042
1.4234,-12.6405277682435
1.4236,-12.5389006380149
1.4238,-12.4385560337381
1.424,-12.339466702579
1.4242,-12.2416062630012
1.4244,-12.1449491687803
1.4246,-12.0494706747809
1.4248,-11.9551468043966
1.425,-11.8619543185643
1.4252,-11.7698706862653
1.4254,-11.6788740564338
1.4256,-11.5889432311953
1.4258,-11.500057640365
1.426,-11.4121973171365
1.4262,-11.3253428749001
1.4264,-11.2394754851286
1.4266,-11.154576856275
1.4268,-11.0706292136299
1.427,-10.9876152800875
1.4272,-10.9055182577733
1.4274,-10.8243218104902
1.4276,-10.7440100469386
1.4278,-10.6645675046747
1.428,-10.5859791347663
1.4282,-10.5082302871127
1.4284,-10.4313066963952
1.4286,-10.3551944686274
1.4288,-10.2798800682744
1.429,-10.2053503059143
1.4292,-10.1315923264146
1.4294,-10.0585935976
1.4296,-9.98634189938556
1.4298,-9.9148253133557
1.43,-9.84403221276552
1.4302,-9.77395125294631
1.4304,-9.70457136209511
1.4306,-9.63588173243093
1.4308,-9.56787181170038
1.431,-9.50053129501701
1.4312,-9.43385011701897
1.4314,-9.36781844433012
1.4316,-9.30242666831153
1.4318,-9.2376653980896
1.432,-9.17352545384976
1.4322,-9.10999786038205
1.4324,-9.04707384086953
1.4326,-8.98474481090718
1.4328,-8.92300237274269
1.433,-8.86183830972846
1.4332,-8.80124458097647
1.4334,-8.74121331620667
1.4336,-8.68173681078184
1.4338,-8.62280752091962
1.434,-8.56441805907527
1.4342,-8.50656118948779
1.4344,-8.44922982388269
1.4346,-8.39241701732493
1.4348,-8.33611596421557
1.435,-8.28031999442687
1.4352,-8.22502256957021
1.4354,-8.17021727939062
1.4356,-8.11589783828419
1.4358,-8.06205808193221
1.436,-8.00869196404857
1.4362,-7.95579355323512
1.4364,-7.90335702994123
1.4366,-7.85137668352309
1.4368,-7.79984690939985
1.437,-7.74876220630165
1.4372,-7.69811717360682
1.4374,-7.64790650876474
1.4376,-7.59812500480094
1.4378,-7.54876754790178
1.438,-7.49982911507514
1.4382,-7.45130477188485
1.4384,-7.40318967025558
1.4386,-7.35547904634656
1.4388,-7.30816821849044
1.439,-7.26125258519572
1.4392,-7.2147276232101
1.4394,-7.16858888564315
1.4396,-7.12283200014502
1.4398,-7.0774526671406
1.44,-7.0324466581159
1.4402,-6.987809813956
1.4404,-6.9435380433316
1.4406,-6.89962732113347
1.4408,-6.85607368695249
1.441,-6.81287324360414
1.4412,-6.77002215569548
1.4414,-6.72751664823371
1.4416,-6.68535300527432
1.4418,-6.64352756860807
1.442,-6.60203673648504
1.4422,-6.56087696237466
1.4424,-6.52004475376066
1.4426,-6.47953667096968
1.4428,-6.43934932603231
1.443,-6.39947938157578
1.4432,-6.35992354974687
1.4434,-6.32067859116464
1.4436,-6.28174131390134
1.4438,-6.24310857249104
1.444,-6.20477726696521
1.4442,-6.16674434191365
1.4444,-6.12900678557105
1.4446,-6.09156162892743
1.4448,-6.05440594486218
1.445,-6.01753684730092
1.4452,-5.9809514903943
1.4454,-5.94464706771832
1.4456,-5.90862081149527
1.4458,-5.8728699918346
1.446,-5.83739191599367
1.4462,-5.80218392765691
1.4464,-5.76724340623359
1.4466,-5.73256776617305
1.4468,-5.69815445629756
1.447,-5.66400095915145
1.4472,-5.63010479036668
1.4474,-5.59646349804401
1.4476,-5.56307466214962
1.4478,-5.52993589392628
1.448,-5.49704483531903
1.4482,-5.46439915841478
1.4484,-5.43199656489559
1.4486,-5.39983478550478
1.4488,-5.36791157952626
1.449,-5.33622473427579
1.4492,-5.30477206460471
1.4494,-5.27355141241515
1.4496,-5.24256064618671
1.4498,-5.21179766051403
1.45,-5.1812603756554
1.4502,-5.15094673709163
1.4504,-5.12085471509496
1.4506,-5.09098230430823
1.4508,-5.06132752333306
1.451,-5.03188841432815
1.4512,-5.00266304261576
1.4514,-4.97364949629766
1.4516,-4.94484588587964
1.4518,-4.91625034390392
1.452,-4.88786102459013
1.4522,-4.85967610348413
1.4524,-4.83169377711419
1.4526,-4.80391226265526
1.4528,-4.77632979759988
1.453,-4.74894463943661
1.4532,-4.72175506533542
1.4534,-4.69475937183936
1.4536,-4.66795587456322
1.4538,-4.64134290789855
1.454,-4.61491882472439
1.4542,-4.58868199612496
1.4544,-4.56263081111213
1.4546,-4.53676367635466
1.4548,-4.51107901591243
1.455,-4.48557527097629
1.4552,-4.46025089961315
1.4554,-4.43510437651659
1.4556,-4.41013419276193
1.4558,-4.38533885556685
1.456,-4.36071688805622
1.4562,-4.33626682903207
1.4564,-4.31198723274803
1.4566,-4.28787666868793
1.4568,-4.26393372134901
1.457,-4.24015699002953
1.4572,-4.21654508861989
1.4574,-4.19309664539858
1.4576,-4.16981030283128
1.4578,-4.14668471737439
1.458,-4.12371855928209
1.4582,-4.10091051241687
1.4584,-4.078259274064
1.4586,-4.05576355474911
1.4588,-4.03342207805935
1.459,-4.01123358046802
1.4592,-3.98919681116201
1.4594,-3.9673105318728
1.4596,-3.94557351671047
1.4598,-3.92398455200042
1.46,-3.90254243612361
1.4602,-3.88124597935902
1.4604,-3.86009400372936
1.4606,-3.83908534284958
1.4608,-3.81821884177764
1.461,-3.7974933568682
1.4612,-3.77690775562905
1.4614,-3.75646091657947
1.4616,-3.73615172911173
1.4618,-3.71597909335439
1.462,-3.6959419200383
1.4622,-3.67603913036481
1.4624,-3.65626965587613
1.4626,-3.63663243832789
1.4628,-3.61712642956408
1.463,-3.5977505913936
1.4632,-3.5785038954694
1.4634,-3.55938532316923
1.4636,-3.54039386547845
1.4638,-3.52152852287498
1.464,-3.50278830521568
1.4642,-3.48417223162508
1.4644,-3.46567933038538
1.4646,-3.44730863882868
1.4648,-3.42905920323072
1.465,-3.41093007870619
1.4652,-3.39292032910581
1.4654,-3.37502902691527
1.4656,-3.35725525315517
1.4658,-3.3395980972831
1.466,-3.32205665709687
1.4662,-3.30463003863931
1.4664,-3.28731735610473
1.4666,-3.2701177317464
1.4668,-3.25303029578579
1.467,-3.23605418632313
1.4672,-3.21918854924901
1.4674,-3.2024325381577
1.4676,-3.18578531426151
1.4678,-3.16924604630641
1.468,-3.15281391048913
1.4682,-3.13648809037513
1.4684,-3.12026777681794
1.4686,-3.10415216787984
1.4688,-3.0881404687532
1.469,-3.07223189168359
1.4692,-3.0564256558933
1.4694,-3.04072098750653
1.4696,-3.02511711947534
1.4698,-3.00961329150657
1.47,-2.99420874999004
1.4702,-2.97890274792764
1.4704,-2.96369454486318
1.4706,-2.94858340681361
1.4708,-2.93356860620086
1.471,-2.9186494217847
1.4712,-2.9038251385967
1.4714,-2.88909504787464
1.4716,-2.87445844699843
1.4718,-2.85991463942617
1.472,-2.84546293463171
1.4722,-2.83110264804265
1.4724,-2.81683310097927
1.4726,-2.80265362059418
1.4728,-2.78856353981309
1.473,-2.77456219727576
1.4732,-2.76064893727835
1.4734,-2.74682310971605
1.4736,-2.73308407002667
1.4738,-2.71943117913492
1.474,-2.70586380339734
1.4742,-2.69238131454796
1.4744,-2.67898308964474
1.4746,-2.66566851101648
1.4748,-2.65243696621063
1.475,-2.6392878479415
1.4752,-2.62622055403933
1.4754,-2.61323448739994
1.4756,-2.60032905593488
1.4758,-2.5875036725223
1.476,-2.57475775495843
1.4762,-2.56209072590956
1.4764,-2.54950201286473
1.4766,-2.53699104808884
1.4768,-2.52455726857642
1.477,-2.51220011600602
1.4772,-2.49991903669488
1.4774,-2.48771348155452
1.4776,-2.47558290604649
1.4778,-2.46352677013884
1.478,-2.45154453826316
1.4782,-2.43963567927187
1.4784,-2.42779966639624
1.4786,-2.4160359772049
1.4788,-2.40434409356253
1.479,-2.39272350158951
1.4792,-2.38117369162153
1.4794,-2.36969415817002
1.4796,-2.35828439988293
1.4798,-2.34694391950587
1.48,-2.33567222384375
1.4802,-2.32446882372294
1.4804,-2.31333323395364
1.4806,-2.30226497329296
1.4808,-2.2912635644081
1.481,-2.28032853384021
1.4812,-2.26945941196847
1.4814,-2.25865573297465
1.4816,-2.24791703480804
1.4818,-2.2372428591508
1.482,-2.22663275138359
1.4822,-2.21608626055169
1.4824,-2.20560293933142
1.4826,-2.19518234399693
1.4828,-2.18482403438743
1.483,-2.1745275738746
1.4832,-2.16429252933051
1.4834,-2.15411847109587
1.4836,-2.14400497294847
1.4838,-2.13395161207222
1.484,-2.12395796902614
1.4842,-2.11402362771412
1.4844,-2.10414817535467
1.4846,-2.0943312024511
1.4848,-2.08457230276202
1.485,-2.07487107327215
1.4852,-2.0652271141634
1.4854,-2.05564002878635
1.4856,-2.04610942363183
1.4858,-2.03663490830297
1.486,-2.02721609548758
1.4862,-2.01785260093051
1.4864,-2.00854404340673
1.4866,-1.99929004469429
1.4868,-1.99009022954779
1.487,-1.98094422567209
1.4872,-1.97185166369619
1.4874,-1.96281217714742
1.4876,-1.95382540242606
1.4878,-1.94489097877984
1.488,-1.93600854827914
1.4882,-1.92717775579207
1.4884,-1.91839824896
1.4886,-1.90966967817335
1.4888,-1.90099169654744
1.489,-1.89236395989879
1.4892,-1.88378612672156
1.4894,-1.87525785816416
1.4896,-1.86677881800626
1.4898,-1.85834867263586
1.49,-1.84996709102663
1.4902,-1.84163374471561
1.4904,-1.83334830778089
1.4906,-1.82511045681972
1.4908,-1.81691987092671
1.491,-1.80877623167226
1.4912,-1.80067922308132
1.4914,-1.79262853161215
1.4916,-1.78462384613541
1.4918,-1.77666485791353
1.492,-1.76875126058004
1.4922,-1.76088275011943
1.4924,-1.75305902484683
1.4926,-1.74527978538819
1.4928,-1.73754473466053
1.493,-1.72985357785233
1.4932,-1.72220602240424
1.4934,-1.71460177798982
1.4936,-1.70704055649659
1.4938,-1.69952207200722
1.494,-1.69204604078083
1.4942,-1.68461218123458
1.4944,-1.67722021392539
1.4946,-1.66986986153176
1.4948,-1.66256084883593
1.495,-1.65529290270599
1.4952,-1.64806575207833
1.4954,-1.64087912794025
1.4956,-1.63373276331256
1.4958,-1.62662639323256
1.496,-1.61955975473708
1.4962,-1.61253258684563
1.4964,-1.60554463054376
1.4966,-1.59859562876665
1.4968,-1.5916853263827
1.497,-1.5848134701774
1.4972,-1.57797980883726
1.4974,-1.57118409293391
1.4976,-1.56442607490848
1.4978,-1.55770550905585
1.498,-1.55102215150934
1.4982,-1.54437576022531
1.4984,-1.53776609496805
1.4986,-1.53119291729477
1.4988,-1.52465599054064
1.499,-1.51815507980414
1.4992,-1.51168995193234
1.4994,-1.50526037550652
1.4996,-1.49886612082777
1.4998,-1.49250695990278
1.5,-1.4861826664297
1.502,-1.42480883702055
1.504,-1.36668485876242
1.506,-1.31161026687881
1.508,-1.25939873192755
1.51,-1.2098769583717
1.512,-1.16288367649149
1.514,-1.11826871902585
1.516,-1.07589217482661
1.518,-1.03562361259159
1.52,-0.99734136843125
1.522,-0.960931891633602
1.524,-0.926289143532461
1.526,-0.893314044866874
1.528,-0.861913967450132
1.53,-0.832002266354005
1.532,-0.80349784916078
1.534,-0.776324779149005
1.536,-0.750411909561235
1.538,-0.725692546357321
1.54,-0.7021041370878
1.542,-0.679587983731539
1.544,-0.658088977531592
1.546,-0.63755535403574
1.548,-0.617938466705115
1.55,-0.599192577596973
1.552,-0.581274663757534
1.554,-0.564144238079398
1.556,-0.547763183485963
1.558,-0.532095599404148
1.56,-0.517107659577037
1.562,-0.5027674803506
1.564,-0.489044998644796
1.566,-0.475911858889099
1.568,-0.463341308266901
1.57,-0.45130809967277
1.572,-0.439788401842028
1.574,-0.42875971616381
1.576,-0.418200799737275
1.578,-0.408091594276891
1.58,-0.398413160516602
1.582,-0.38914761780569
1.584,-0.380278088630683
1.586,-0.371788647839778
1.588,-0.363664276388917
1.59,-0.355890819472471
1.592,-0.348454948948705
1.594,-0.341344130021011
1.596,-0.334546592191994
1.598,-0.328051304572039
1.6,-0.321847955697236
1.602,-0.315926938099253
1.604,-0.310279337973657
1.606,-0.304896930419999
1.608,-0.299772180883269
1.61,-0.2948982536203
1.612,-0.290269028259892
1.614,-0.285879125836324
1.616,-0.281723946075327
1.618,-0.277799718228568
1.62,-0.274103568427388
1.622,-0.270633607415786
1.624,-0.26738904370296
1.626,-0.264370328758913
1.628,-0.261579343017267
1.63,-0.259019634373691
1.632,-0.25669672490255
1.634,-0.254618507139511
1.636,-0.252795759210932
1.638,-0.251242819412453
1.64,-0.249978477207442
1.642,-0.249027161604552
1.644,-0.248420543554937
1.646,-0.248199722929925
1.648,-0.248418253532995
1.65,-0.249146389420079
1.652,-0.250477143260253
1.654,-0.252535086359747
1.656,-0.255489387016077
1.658,-0.25957355794864
1.66,-0.26511610585759
1.662,-0.272589419622732
1.664,-0.282690174518637
1.666,-0.296476194410361
1.668,-0.315608583605508
1.67,-0.342798964740858
1.672,-0.382675537550852
1.674,-0.443544722753199
1.676,-0.541132718540919
1.678,-0.706609960262888
1.68,-1.00151612097061
1.682,-1.51989159490032
1.684,-2.1960276751906
1.686,-2.33220670678252
1.688,-1.75745353811347
1.69,-1.21199516881672
1.692,-0.880566458250941
1.694,-0.689743495872162
1.696,-0.576400552059122
1.698,-0.506477859530598
1.7,-0.462387894967887
1.702,-0.434815543552593
1.704,-0.418695093295337
1.706,-0.411293160038719
1.708,-0.411293092735561
1.71,-0.418382779336776
1.712,-0.433135178411135
1.714,-0.457112025423459
1.716,-0.493205214778695
1.718,-0.546289218047834
1.72,-0.624248910112767
1.722,-0.739067741826351
1.724,-0.905625331062101
1.726,-1.12856824030981
1.728,-1.35791781789202
1.73,-1.45118238089276
1.732,-1.31972914487425
1.734,-1.08011858863812
1.736,-0.866731403120554
1.738,-0.716131146125752
1.74,-0.61810828453856
1.742,-0.556481625581662
1.744,-0.519307860031316
1.746,-0.499065837141356
1.748,-0.491289875582914
1.75,-0.493479081066422
1.752,-0.504432509745758
1.754,-0.523892772356699
1.756,-0.552395940548274
1.758,-0.591273666324173
1.76,-0.642794707856866
1.762,-0.710470047302567
1.764,-0.799588254879228
1.766,-0.918107459245092
1.768,-1.07811888891367
1.77,-1.29821069982047
1.772,-1.60710233166888
1.774,-2.04836060902417
1.776,-2.68256968426404
1.778,-3.56870901299083
1.78,-4.66218170083591
1.782,-5.55288795730685
1.784,-5.51362173038918
1.786,-4.5808660407964
1.788,-3.48836185469777
1.79,-2.61570547462179
1.792,-1.99410965800126
1.794,-1.56205950132214
1.796,-1.25931425897555
1.798,-1.04301744990236
1.8,-0.88499166610025
1.802,-0.766976517569763
1.804,-0.677034757739817
1.806,-0.607224738959958
1.808,-0.552153742752108
1.81,-0.508082750910035
1.812,-0.472366743643189
1.814,-0.443099004370781
1.816,-0.41888082482015
1.818,-0.39866952860057
1.82,-0.381676289634619
1.822,-0.367296194473843
1.824,-0.35505956203275
1.826,-0.344597521627331
1.828,-0.335617312623671
1.83,-0.327884315608751
1.832,-0.321208812724894
1.834,-0.315436115880183
1.836,-0.310439124106241
1.838,-0.306112653990414
1.84,-0.302369078835296
1.842,-0.299134943973551
1.844,-0.296348317371185
1.846,-0.293956699226876
1.848,-0.291915360254238
1.85,-0.29018601141669
1.852,-0.288735731927214
1.854,-0.28753609996104
1.856,-0.286562483582833
1.858,-0.285793459131808
1.86,-0.285210331638391
1.862,-0.284796737402694
1.864,-0.284538313108018
1.866,-0.284422419105187
1.868,-0.284437907028032
1.87,-0.284574923866592
1.872,-0.284824746164915
1.874,-0.285179639223959
1.876,-0.285632737151392
1.878,-0.286177940366082
1.88,-0.286809827777506
1.882,-0.287523581353514
1.884,-0.288314921188127
1.886,-0.289180049504241
1.888,-0.290115602289865
1.89,-0.291118607482406
1.892,-0.292186448792885
1.894,-0.293316834408695
1.896,-0.294507769935081
1.898,-0.29575753503675
1.9,-0.297064663325642
1.902,-0.298427925112275
1.904,-0.299846312697931
1.906,-0.301319027936226
1.908,-0.302845471835892
1.91,-0.304425236014241
1.912,-0.30605809584308
1.914,-0.307744005157072
1.916,-0.309483092419579
1.918,-0.311275658262972
1.92,-0.313122174340708
1.922,-0.31502328344641
1.924,-0.31697980087257
1.926,-0.318992716997279
1.928,-0.321063201102997
1.93,-0.323192606446565
1.932,-0.325382476614862
1.934,-0.327634553215966
1.936,-0.329950784971668
1.938,-0.332333338294341
1.94,-0.33478460944897
1.942,-0.337307238421035
1.944,-0.339904124632211
1.946,-0.342578444669849
1.948,-0.345333672222556
1.95,-0.348173600444051
1.952,-0.351102367001345
1.954,-0.354124482101269
1.956,-0.35724485983337
1.958,-0.360468853217135
1.96,-0.363802293399112
1.962,-0.367251533512204
1.964,-0.370823497785913
1.966,-0.374525736586275
1.968,-0.378366488167732
1.97,-0.382354748040987
1.972,-0.386500347002786
1.974,-0.390814039040706
1.976,-0.395307600521966
1.978,-0.399993942307502
1.98,-0.404887236705986
1.982,-0.410003061508293
1.984,-0.415358563729519
1.986,-0.420972646147361
1.988,-0.426866180278403
1.99,-0.433062250097025
1.992,-0.439586431600259
1.994,-0.446467114286916
1.996,-0.453735871788324
1.998,-0.461427890310345
2,-0.469582465280962
